29001;ARGOL
29011;BOHARS
29015;BOURG-BLANC
29017;BRELES
29019;BREST
29021;PLOUNEOUR-BRIGNOGAN-PLAGE
29022;CAMARET-SUR-MER
29035;COAT-MEAL
29042;CROZON
29043;DAOULAS
29045;DIRINON
29061;GOUESNOU
29064;GOULVEN
29069;GUILERS
29075;GUIPAVAS
29076;MILIZAC-GUIPRONVEL
29077;GUISSENY
29078;HANVEC
29084;ILE-MOLENE
29086;IRVILLAC
29091;KERLOUAN
29093;KERNILIS
29094;KERNOUES
29095;KERSAINT-PLABENNEC
29056;LA FOREST-LANDERNEAU
29144;LA MARTYRE
29237;LA ROCHE-MAURICE
29098;LAMPAUL-PLOUARZEL
29099;LAMPAUL-PLOUDALMEZEAU
29100;LANARVILY
29101;LANDEDA
29103;LANDERNEAU
29104;LANDEVENNEC
29109;LANDUNVEZ
29112;LANILDUT
29116;LANNEUFFRET
29117;LANNILIS
29119;LANRIVOARE
29120;LANVEOC
29040;LE CONQUET
29047;LE DRENNEC
29053;LE FAOU
29055;LE FOLGOET
29235;LE RELECQ-KERHUON
29294;LE TREHOU
29124;LESNEVEN
29080;L'HOPITAL-CAMFROUT
29126;LOC-BREVALAIRE
29130;LOCMARIA-PLOUZANE
29137;LOGONNA-DAOULAS
29140;LOPERHET
29156;PENCRAN
29160;PLABENNEC
29177;PLOUARZEL
29178;PLOUDALMEZEAU
29179;PLOUDANIEL
29180;PLOUDIRY
29181;PLOUEDERN
29189;PLOUGASTEL-DAOULAS
29190;PLOUGONVELIN
29195;PLOUGUERNEAU
29196;PLOUGUIN
29198;PLOUIDER
29201;PLOUMOGUER
29208;PLOURIN
29209;PLOUVIEN
29210;PLOUVORN
29212;PLOUZANE
29302;PONT-DE-BUIS-LES-QUIMERCH
29221;PORSPODER
29238;ROSCANVEL
29240;ROSNOEN
29245;SAINT-DIVY
29246;SAINT-ELOY
29248;SAINT-FREGANT
29255;SAINT-MEEN
29257;SAINT-PABU
29260;SAINT-RENAN
29263;SAINT-SEGAL
29268;SAINT-THONAN
29270;SAINT-URBAIN
29280;TELGRUC-SUR-MER
29282;TREBABU
29286;TREFLEVENEZ
29288;TREGARANTEC
29290;TREGLONOU
29295;TREMAOUEZAN
29299;TREOUERGAT
